{"columns": ["x_target", "y_target", "vel_y", "vel_x"], "min": [-562.8186107086885, 77.30872114850264, -3.368475560389885, -3.6529352973509486], "max": [557.6117509622944, 632.4637312252531, 7.9252953703696, 3.5949077365579867]}